{
    "internships_meta": {
        "65532": {
            "id": 65532,
            "title": "Data Science Intern",
            "employment_type": "internship",
            "application_status_message": {
                "to_show": false,
                "message": "1 applicants",
                "type": "high_applications"
            },
            "job_title": null,
            "work_from_home": false,
            "segment": "",
            "segment_label_value": null,
            "internship_type_label_value": null,
            "job_segments": [],
            "company_name": "Google",
            "company_url": "\/company\/google-1392204790",
            "is_premium": true,
            "is_premium_internship": true,
            "employer_name": "Bhavya",
            "company_logo": "6385f8a1c006b1669724321.png",
            "type": "regular",
            "url": "data-science-internship-in-multiple-locations-at-google1704886751",
            "is_internchallenge": 0,
            "is_external": false,
            "is_active": true,
            "expires_at": "2024-01-24",
            "closed_at": "",
            "profile_name": "Data Science",
            "part_time": false,
            "start_date": "Starts Immediately",
            "duration": "3 Months",
            "stipend": {
                "salary": "\u20b9 50,000 \/month",
                "tooltip": null,
                "salaryValue1": 50000,
                "salaryValue2": null,
                "salaryType": "fixed",
                "currency": "INR ",
                "scale": "permonth",
                "large_stipend_text": false
            },
            "salary": null,
            "job_experience": null,
            "experience": "",
            "posted_on": "10 Jan' 24",
            "postedOnDateTime": 1704825000,
            "application_deadline": "24 Jan' 24",
            "expiring_in": "Apply by 24 Jan",
            "posted_by_label": "Today",
            "posted_by_label_type": "success",
            "location_names": [
                "Munnar",
                "Delhi",
                "Lucknow",
                "Tarn Taran"
            ],
            "locations": [
                {
                    "string": "Munnar",
                    "link": "Munnar",
                    "country": "India",
                    "region": "Idukki",
                    "locationName": "Munnar"
                },
                {
                    "string": "Delhi",
                    "link": "Delhi",
                    "country": "India",
                    "region": null,
                    "locationName": "Delhi"
                },
                {
                    "string": "Lucknow",
                    "link": "Lucknow",
                    "country": "India",
                    "region": "Lucknow",
                    "locationName": "Lucknow"
                },
                {
                    "string": "Tarn Taran",
                    "link": "Tarn Taran",
                    "country": "India",
                    "region": "Tarn Taran",
                    "locationName": "Tarn Taran"
                }
            ],
            "start_date_comparison_format": "2024-01-10",
            "start_date1": "2024-01-10",
            "start_date2": "2024-02-14",
            "is_ppo": false,
            "is_ppo_salary_disclosed": false,
            "ppo_salary": null,
            "ppo_salary2": null,
            "ppo_label_value": "With job offer",
            "to_show_extra_label": false,
            "extra_label_value": "",
            "is_extra_label_black": false,
            "campaign_names": [],
            "campaign_name": "",
            "to_show_in_search": false,
            "campaign_url": "",
            "campaign_start_date_time": null,
            "campaign_launch_date_time": null,
            "campaign_early_access_start_date_time": null,
            "campaign_end_date_time": null,
            "labels": [
                {
                    "label_value": [
                        "Internship"
                    ],
                    "label_mobile": [
                        "Internship"
                    ],
                    "label_app": [
                        "Internship"
                    ],
                    "labels_app_in_card": [
                        "Internship"
                    ]
                }
            ],
            "labels_app": "Internship",
            "labels_app_in_card": [
                "Internship"
            ],
            "is_covid_wfh_selected": false,
            "to_show_card_message": false,
            "message": "",
            "is_application_capping_enabled": false,
            "application_capping_message": "",
            "override_meta_details": [],
            "eligible_for_easy_apply": false,
            "eligible_for_b2b_apply_now": false,
            "to_show_b2b_label": false,
            "is_international_job": false,
            "to_show_cover_letter": true,
            "office_days": null
        },
        "65531": {
            "id": 65531,
            "title": "Data Science Intern",
            "employment_type": "internship",
            "application_status_message": {
                "to_show": false,
                "message": "0 applicants",
                "type": "high_applications"
            },
            "job_title": null,
            "work_from_home": false,
            "segment": "",
            "segment_label_value": null,
            "internship_type_label_value": null,
            "job_segments": [],
            "company_name": "Google",
            "company_url": "\/company\/google-1392204790",
            "is_premium": true,
            "is_premium_internship": true,
            "employer_name": "Bhavya",
            "company_logo": "6385f8a1c006b1669724321.png",
            "type": "regular",
            "url": "data-science-internship-in-multiple-locations-at-google1704886190",
            "is_internchallenge": 0,
            "is_external": false,
            "is_active": true,
            "expires_at": "2024-01-24",
            "closed_at": "",
            "profile_name": "Data Science",
            "part_time": false,
            "start_date": "Starts Immediately",
            "duration": "3 Months",
            "stipend": {
                "salary": "\u20b9 5,500 \/month",
                "tooltip": null,
                "salaryValue1": 5500,
                "salaryValue2": null,
                "salaryType": "fixed",
                "currency": "INR ",
                "scale": "permonth",
                "large_stipend_text": false
            },
            "salary": null,
            "job_experience": null,
            "experience": "",
            "posted_on": "10 Jan' 24",
            "postedOnDateTime": 1704825000,
            "application_deadline": "24 Jan' 24",
            "expiring_in": "Apply by 24 Jan",
            "posted_by_label": "Today",
            "posted_by_label_type": "success",
            "location_names": [
                "Tarn Taran",
                "Delhi",
                "Munnar"
            ],
            "locations": [
                {
                    "string": "Tarn Taran",
                    "link": "Tarn Taran",
                    "country": "India",
                    "region": "Tarn Taran",
                    "locationName": "Tarn Taran"
                },
                {
                    "string": "Delhi",
                    "link": "Delhi",
                    "country": "India",
                    "region": null,
                    "locationName": "Delhi"
                },
                {
                    "string": "Munnar",
                    "link": "Munnar",
                    "country": "India",
                    "region": "Idukki",
                    "locationName": "Munnar"
                }
            ],
            "start_date_comparison_format": "2024-01-10",
            "start_date1": "2024-01-10",
            "start_date2": "2024-02-14",
            "is_ppo": false,
            "is_ppo_salary_disclosed": false,
            "ppo_salary": null,
            "ppo_salary2": null,
            "ppo_label_value": "With job offer",
            "to_show_extra_label": false,
            "extra_label_value": "",
            "is_extra_label_black": false,
            "campaign_names": [],
            "campaign_name": "",
            "to_show_in_search": false,
            "campaign_url": "",
            "campaign_start_date_time": null,
            "campaign_launch_date_time": null,
            "campaign_early_access_start_date_time": null,
            "campaign_end_date_time": null,
            "labels": [
                {
                    "label_value": [
                        "Internship"
                    ],
                    "label_mobile": [
                        "Internship"
                    ],
                    "label_app": [
                        "Internship"
                    ],
                    "labels_app_in_card": [
                        "Internship"
                    ]
                }
            ],
            "labels_app": "Internship",
            "labels_app_in_card": [
                "Internship"
            ],
            "is_covid_wfh_selected": false,
            "to_show_card_message": false,
            "message": "",
            "is_application_capping_enabled": false,
            "application_capping_message": "",
            "override_meta_details": [],
            "eligible_for_easy_apply": false,
            "eligible_for_b2b_apply_now": false,
            "to_show_b2b_label": false,
            "is_international_job": false,
            "to_show_cover_letter": true,
            "office_days": null
        },
        "65381": {
            "id": 65381,
            "title": "Administration Intern",
            "employment_type": "internship",
            "application_status_message": {
                "to_show": false,
                "message": "0 applicants",
                "type": "high_applications"
            },
            "job_title": null,
            "work_from_home": false,
            "segment": "",
            "segment_label_value": null,
            "internship_type_label_value": null,
            "job_segments": [],
            "company_name": "Google (Gurgaon, India)",
            "company_url": "\/company\/google-1392204790",
            "is_premium": true,
            "is_premium_internship": true,
            "employer_name": "Bhavya",
            "company_logo": "6385f8a1c006b1669724321.png",
            "type": "regular",
            "url": "administration-internship-in-banga-at-google1703046510",
            "is_internchallenge": 0,
            "is_external": false,
            "is_active": true,
            "expires_at": "2024-01-24",
            "closed_at": "",
            "profile_name": "Administration",
            "part_time": false,
            "start_date": "Starts Immediately",
            "duration": "2 Months",
            "stipend": {
                "salary": "\u20b9 20,000 \/month",
                "tooltip": null,
                "salaryValue1": 20000,
                "salaryValue2": null,
                "salaryType": "fixed",
                "currency": "INR ",
                "scale": "permonth",
                "large_stipend_text": false
            },
            "salary": null,
            "job_experience": null,
            "experience": "",
            "posted_on": "10 Jan' 24",
            "postedOnDateTime": 1704825000,
            "application_deadline": "24 Jan' 24",
            "expiring_in": "Apply by 24 Jan",
            "posted_by_label": "1 day ago",
            "posted_by_label_type": "success",
            "location_names": [
                "Banga (Philippines)"
            ],
            "locations": [
                {
                    "string": "Banga (Philippines)",
                    "link": "Banga",
                    "country": "Philippines",
                    "region": "South Cotabato",
                    "locationName": "Banga"
                }
            ],
            "start_date_comparison_format": "2023-12-20",
            "start_date1": "2023-12-20",
            "start_date2": "2024-01-24",
            "is_ppo": false,
            "is_ppo_salary_disclosed": false,
            "ppo_salary": null,
            "ppo_salary2": null,
            "ppo_label_value": "With job offer",
            "to_show_extra_label": false,
            "extra_label_value": "",
            "is_extra_label_black": false,
            "campaign_names": [],
            "campaign_name": "",
            "to_show_in_search": false,
            "campaign_url": "",
            "campaign_start_date_time": null,
            "campaign_launch_date_time": null,
            "campaign_early_access_start_date_time": null,
            "campaign_end_date_time": null,
            "labels": [
                {
                    "label_value": [
                        "International",
                        "Internship"
                    ],
                    "label_mobile": [
                        "International",
                        "Internship"
                    ],
                    "label_app": [
                        "International",
                        "Internship"
                    ],
                    "labels_app_in_card": [
                        "International",
                        "Internship"
                    ]
                }
            ],
            "labels_app": "Internship",
            "labels_app_in_card": [
                "International",
                "Internship"
            ],
            "is_covid_wfh_selected": false,
            "to_show_card_message": false,
            "message": "",
            "is_application_capping_enabled": false,
            "application_capping_message": "",
            "override_meta_details": [],
            "eligible_for_easy_apply": false,
            "eligible_for_b2b_apply_now": false,
            "to_show_b2b_label": false,
            "is_international_job": true,
            "to_show_cover_letter": true,
            "office_days": null
        },
        "65524": {
            "id": 65524,
            "title": "Business Analytics Intern",
            "employment_type": "internship",
            "application_status_message": {
                "to_show": false,
                "message": "2 applicants",
                "type": "high_applications"
            },
            "job_title": null,
            "work_from_home": false,
            "segment": "",
            "segment_label_value": null,
            "internship_type_label_value": null,
            "job_segments": [],
            "company_name": "Google",
            "company_url": "\/company\/google-1392204790",
            "is_premium": true,
            "is_premium_internship": true,
            "employer_name": "Bhavya",
            "company_logo": "6385f8a1c006b1669724321.png",
            "type": "regular",
            "url": "business-analytics-internship-in-multiple-locations-at-google1704868979",
            "is_internchallenge": 0,
            "is_external": false,
            "is_active": true,
            "expires_at": "2024-01-24",
            "closed_at": "",
            "profile_name": "Business Analytics",
            "part_time": false,
            "start_date": "Starts Immediately",
            "duration": "3 Months",
            "stipend": {
                "salary": "\u20b9 5,500 \/month",
                "tooltip": null,
                "salaryValue1": 5500,
                "salaryValue2": null,
                "salaryType": "fixed",
                "currency": "INR ",
                "scale": "permonth",
                "large_stipend_text": false
            },
            "salary": null,
            "job_experience": null,
            "experience": "",
            "posted_on": "10 Jan' 24",
            "postedOnDateTime": 1704825000,
            "application_deadline": "24 Jan' 24",
            "expiring_in": "Apply by 24 Jan",
            "posted_by_label": "1 day ago",
            "posted_by_label_type": "success",
            "location_names": [
                "Delhi",
                "Kera",
                "Tarn Taran"
            ],
            "locations": [
                {
                    "string": "Delhi",
                    "link": "Delhi",
                    "country": "India",
                    "region": null,
                    "locationName": "Delhi"
                },
                {
                    "string": "Kera",
                    "link": "Kera",
                    "country": "India",
                    "region": "Kutch",
                    "locationName": "Kera"
                },
                {
                    "string": "Tarn Taran",
                    "link": "Tarn Taran",
                    "country": "India",
                    "region": "Tarn Taran",
                    "locationName": "Tarn Taran"
                }
            ],
            "start_date_comparison_format": "2024-01-10",
            "start_date1": "2024-01-10",
            "start_date2": "2024-02-14",
            "is_ppo": false,
            "is_ppo_salary_disclosed": false,
            "ppo_salary": null,
            "ppo_salary2": null,
            "ppo_label_value": "With job offer",
            "to_show_extra_label": false,
            "extra_label_value": "",
            "is_extra_label_black": false,
            "campaign_names": [],
            "campaign_name": "",
            "to_show_in_search": false,
            "campaign_url": "",
            "campaign_start_date_time": null,
            "campaign_launch_date_time": null,
            "campaign_early_access_start_date_time": null,
            "campaign_end_date_time": null,
            "labels": [
                {
                    "label_value": [
                        "Internship"
                    ],
                    "label_mobile": [
                        "Internship"
                    ],
                    "label_app": [
                        "Internship"
                    ],
                    "labels_app_in_card": [
                        "Internship"
                    ]
                }
            ],
            "labels_app": "Internship",
            "labels_app_in_card": [
                "Internship"
            ],
            "is_covid_wfh_selected": false,
            "to_show_card_message": false,
            "message": "",
            "is_application_capping_enabled": false,
            "application_capping_message": "",
            "override_meta_details": [],
            "eligible_for_easy_apply": false,
            "eligible_for_b2b_apply_now": false,
            "to_show_b2b_label": false,
            "is_international_job": false,
            "to_show_cover_letter": true,
            "office_days": null
        },
        "65522": {
            "id": 65522,
            "title": "Administration Intern (Remote)",
            "employment_type": "internship",
            "application_status_message": {
                "to_show": false,
                "message": "0 applicants",
                "type": "high_applications"
            },
            "job_title": null,
            "work_from_home": true,
            "segment": "",
            "segment_label_value": null,
            "internship_type_label_value": null,
            "job_segments": [],
            "company_name": "Alkymia Tech Private Limited Testing SMS For Optimization 12-a@",
            "company_url": "\/company\/alkymia-tech-private-limited-testing-sms-for-optimization-12-a-1681983044",
            "is_premium": true,
            "is_premium_internship": true,
            "employer_name": "Aastha",
            "company_logo": "7gzrsoj5ko8-4424.png",
            "type": "virtual",
            "url": "administration-work-from-home-job-internship-at-alkymia-tech-private-limited-testing-sms-for-optimization-12-a1704863019",
            "is_internchallenge": 0,
            "is_external": false,
            "is_active": true,
            "expires_at": "2024-01-24",
            "closed_at": "",
            "profile_name": "Administration",
            "part_time": false,
            "start_date": "Starts Immediately",
            "duration": "5 Months",
            "stipend": {
                "salary": "\u20b9 20,000 \/month",
                "tooltip": null,
                "salaryValue1": 20000,
                "salaryValue2": null,
                "salaryType": "fixed",
                "currency": "INR ",
                "scale": "permonth",
                "large_stipend_text": false
            },
            "salary": null,
            "job_experience": null,
            "experience": "",
            "posted_on": "10 Jan' 24",
            "postedOnDateTime": 1704825000,
            "application_deadline": "24 Jan' 24",
            "expiring_in": "Apply by 24 Jan",
            "posted_by_label": "1 day ago",
            "posted_by_label_type": "success",
            "location_names": [],
            "locations": [],
            "start_date_comparison_format": "2024-01-10",
            "start_date1": "2024-01-10",
            "start_date2": "2024-02-14",
            "is_ppo": false,
            "is_ppo_salary_disclosed": false,
            "ppo_salary": null,
            "ppo_salary2": null,
            "ppo_label_value": "With job offer",
            "to_show_extra_label": false,
            "extra_label_value": "",
            "is_extra_label_black": false,
            "campaign_names": [],
            "campaign_name": "",
            "to_show_in_search": false,
            "campaign_url": "",
            "campaign_start_date_time": null,
            "campaign_launch_date_time": null,
            "campaign_early_access_start_date_time": null,
            "campaign_end_date_time": null,
            "labels": [
                {
                    "label_value": [
                        "Internship"
                    ],
                    "label_mobile": [
                        "Internship"
                    ],
                    "label_app": [
                        "Internship"
                    ],
                    "labels_app_in_card": [
                        "Internship"
                    ]
                }
            ],
            "labels_app": "Internship",
            "labels_app_in_card": [
                "Internship"
            ],
            "is_covid_wfh_selected": false,
            "to_show_card_message": false,
            "message": "",
            "is_application_capping_enabled": false,
            "application_capping_message": "",
            "override_meta_details": [],
            "eligible_for_easy_apply": false,
            "eligible_for_b2b_apply_now": false,
            "to_show_b2b_label": false,
            "is_international_job": false,
            "to_show_cover_letter": true,
            "office_days": null
        },
        "65517": {
            "id": 65517,
            "title": "Brand Management Intern",
            "employment_type": "internship",
            "application_status_message": {
                "to_show": false,
                "message": "2 applicants",
                "type": "high_applications"
            },
            "job_title": null,
            "work_from_home": false,
            "segment": "",
            "segment_label_value": null,
            "internship_type_label_value": null,
            "job_segments": [],
            "company_name": "Google",
            "company_url": "\/company\/google-1392204790",
            "is_premium": true,
            "is_premium_internship": true,
            "employer_name": "Bhavya",
            "company_logo": "6385f8a1c006b1669724321.png",
            "type": "regular",
            "url": "brand-management-internship-in-multiple-locations-at-google1704776930",
            "is_internchallenge": 0,
            "is_external": false,
            "is_active": true,
            "expires_at": "2024-01-23",
            "closed_at": "",
            "profile_name": "Brand Management",
            "part_time": false,
            "start_date": "Starts Immediately",
            "duration": "3 Months",
            "stipend": {
                "salary": "\u20b9 5,500 \/month",
                "tooltip": null,
                "salaryValue1": 5500,
                "salaryValue2": null,
                "salaryType": "fixed",
                "currency": "INR ",
                "scale": "permonth",
                "large_stipend_text": false
            },
            "salary": null,
            "job_experience": null,
            "experience": "",
            "posted_on": "9 Jan' 24",
            "postedOnDateTime": 1704738600,
            "application_deadline": "23 Jan' 24",
            "expiring_in": "Apply by 23 Jan",
            "posted_by_label": "2 days ago",
            "posted_by_label_type": "success",
            "location_names": [
                "Delhi",
                "Parbhani",
                "Kera",
                "Lucknow"
            ],
            "locations": [
                {
                    "string": "Delhi",
                    "link": "Delhi",
                    "country": "India",
                    "region": null,
                    "locationName": "Delhi"
                },
                {
                    "string": "Parbhani",
                    "link": "Parbhani",
                    "country": "India",
                    "region": "Parbhani",
                    "locationName": "Parbhani"
                },
                {
                    "string": "Kera",
                    "link": "Kera",
                    "country": "India",
                    "region": "Kutch",
                    "locationName": "Kera"
                },
                {
                    "string": "Lucknow",
                    "link": "Lucknow",
                    "country": "India",
                    "region": "Udham Singh Nagar",
                    "locationName": "Lucknow"
                }
            ],
            "start_date_comparison_format": "2024-01-09",
            "start_date1": "2024-01-09",
            "start_date2": "2024-02-13",
            "is_ppo": false,
            "is_ppo_salary_disclosed": false,
            "ppo_salary": null,
            "ppo_salary2": null,
            "ppo_label_value": "With job offer",
            "to_show_extra_label": false,
            "extra_label_value": "",
            "is_extra_label_black": false,
            "campaign_names": [],
            "campaign_name": "",
            "to_show_in_search": false,
            "campaign_url": "",
            "campaign_start_date_time": null,
            "campaign_launch_date_time": null,
            "campaign_early_access_start_date_time": null,
            "campaign_end_date_time": null,
            "labels": [
                {
                    "label_value": [
                        "Internship"
                    ],
                    "label_mobile": [
                        "Internship"
                    ],
                    "label_app": [
                        "Internship"
                    ],
                    "labels_app_in_card": [
                        "Internship"
                    ]
                }
            ],
            "labels_app": "Internship",
            "labels_app_in_card": [
                "Internship"
            ],
            "is_covid_wfh_selected": false,
            "to_show_card_message": false,
            "message": "",
            "is_application_capping_enabled": false,
            "application_capping_message": "",
            "override_meta_details": [],
            "eligible_for_easy_apply": false,
            "eligible_for_b2b_apply_now": false,
            "to_show_b2b_label": false,
            "is_international_job": false,
            "to_show_cover_letter": true,
            "office_days": null
        },
        "65515": {
            "id": 65515,
            "title": "Brand Management Intern",
            "employment_type": "internship",
            "application_status_message": {
                "to_show": false,
                "message": "0 applicants",
                "type": "high_applications"
            },
            "job_title": null,
            "work_from_home": false,
            "segment": "",
            "segment_label_value": null,
            "internship_type_label_value": null,
            "job_segments": [],
            "company_name": "Google",
            "company_url": "\/company\/google-1392204790",
            "is_premium": true,
            "is_premium_internship": true,
            "employer_name": "Bhavya",
            "company_logo": "6385f8a1c006b1669724321.png",
            "type": "regular",
            "url": "brand-management-internship-in-delhi-at-google1704776848",
            "is_internchallenge": 0,
            "is_external": false,
            "is_active": true,
            "expires_at": "2024-01-23",
            "closed_at": "",
            "profile_name": "Brand Management",
            "part_time": false,
            "start_date": "Starts Immediately",
            "duration": "3 Months",
            "stipend": {
                "salary": "\u20b9 5,500 \/month",
                "tooltip": null,
                "salaryValue1": 5500,
                "salaryValue2": null,
                "salaryType": "fixed",
                "currency": "INR ",
                "scale": "permonth",
                "large_stipend_text": false
            },
            "salary": null,
            "job_experience": null,
            "experience": "",
            "posted_on": "9 Jan' 24",
            "postedOnDateTime": 1704738600,
            "application_deadline": "23 Jan' 24",
            "expiring_in": "Apply by 23 Jan",
            "posted_by_label": "2 days ago",
            "posted_by_label_type": "success",
            "location_names": [
                "Delhi"
            ],
            "locations": [
                {
                    "string": "Delhi",
                    "link": "Delhi",
                    "country": "India",
                    "region": null,
                    "locationName": "Delhi"
                }
            ],
            "start_date_comparison_format": "2024-01-09",
            "start_date1": "2024-01-09",
            "start_date2": "2024-02-13",
            "is_ppo": false,
            "is_ppo_salary_disclosed": false,
            "ppo_salary": null,
            "ppo_salary2": null,
            "ppo_label_value": "With job offer",
            "to_show_extra_label": false,
            "extra_label_value": "",
            "is_extra_label_black": false,
            "campaign_names": [],
            "campaign_name": "",
            "to_show_in_search": false,
            "campaign_url": "",
            "campaign_start_date_time": null,
            "campaign_launch_date_time": null,
            "campaign_early_access_start_date_time": null,
            "campaign_end_date_time": null,
            "labels": [
                {
                    "label_value": [
                        "Internship"
                    ],
                    "label_mobile": [
                        "Internship"
                    ],
                    "label_app": [
                        "Internship"
                    ],
                    "labels_app_in_card": [
                        "Internship"
                    ]
                }
            ],
            "labels_app": "Internship",
            "labels_app_in_card": [
                "Internship"
            ],
            "is_covid_wfh_selected": false,
            "to_show_card_message": false,
            "message": "",
            "is_application_capping_enabled": false,
            "application_capping_message": "",
            "override_meta_details": [],
            "eligible_for_easy_apply": false,
            "eligible_for_b2b_apply_now": false,
            "to_show_b2b_label": false,
            "is_international_job": false,
            "to_show_cover_letter": true,
            "office_days": null
        },
        "65454": {
            "id": 65454,
            "title": "Administration Intern (Remote)",
            "employment_type": "internship",
            "application_status_message": {
                "to_show": false,
                "message": "0 applicants",
                "type": "high_applications"
            },
            "job_title": null,
            "work_from_home": true,
            "segment": "",
            "segment_label_value": null,
            "internship_type_label_value": null,
            "job_segments": [],
            "company_name": "Decoy Enterpsie",
            "company_url": "\/company\/decoy-enterpsie-1703833376",
            "is_premium": true,
            "is_premium_internship": true,
            "employer_name": "Decoy",
            "company_logo": "",
            "type": "virtual",
            "url": "administration-work-from-home-job-internship-at-decoy-enterpsie1703835382",
            "is_internchallenge": 0,
            "is_external": false,
            "is_active": true,
            "expires_at": "2024-01-22",
            "closed_at": "",
            "profile_name": "Administration",
            "part_time": false,
            "start_date": "Starts Immediately",
            "duration": "3 Months",
            "stipend": {
                "salary": "\u20b9 30,000 \/month",
                "tooltip": null,
                "salaryValue1": 30000,
                "salaryValue2": null,
                "salaryType": "fixed",
                "currency": "INR ",
                "scale": "permonth",
                "large_stipend_text": false
            },
            "salary": null,
            "job_experience": null,
            "experience": "",
            "posted_on": "8 Jan' 24",
            "postedOnDateTime": 1704652200,
            "application_deadline": "22 Jan' 24",
            "expiring_in": "Apply by 22 Jan",
            "posted_by_label": "3 days ago",
            "posted_by_label_type": "info",
            "location_names": [],
            "locations": [],
            "start_date_comparison_format": "2023-12-29",
            "start_date1": "2023-12-29",
            "start_date2": "2024-02-02",
            "is_ppo": false,
            "is_ppo_salary_disclosed": false,
            "ppo_salary": null,
            "ppo_salary2": null,
            "ppo_label_value": "With job offer",
            "to_show_extra_label": false,
            "extra_label_value": "",
            "is_extra_label_black": false,
            "campaign_names": [],
            "campaign_name": "",
            "to_show_in_search": false,
            "campaign_url": "",
            "campaign_start_date_time": null,
            "campaign_launch_date_time": null,
            "campaign_early_access_start_date_time": null,
            "campaign_end_date_time": null,
            "labels": [
                {
                    "label_value": [
                        "Internship"
                    ],
                    "label_mobile": [
                        "Internship"
                    ],
                    "label_app": [
                        "Internship"
                    ],
                    "labels_app_in_card": [
                        "Internship"
                    ]
                }
            ],
            "labels_app": "Internship",
            "labels_app_in_card": [
                "Internship"
            ],
            "is_covid_wfh_selected": false,
            "to_show_card_message": false,
            "message": "",
            "is_application_capping_enabled": false,
            "application_capping_message": "",
            "override_meta_details": [],
            "eligible_for_easy_apply": false,
            "eligible_for_b2b_apply_now": false,
            "to_show_b2b_label": false,
            "is_international_job": false,
            "to_show_cover_letter": true,
            "office_days": null
        },
        "65501": {
            "id": 65501,
            "title": "Android App Development Intern",
            "employment_type": "internship",
            "application_status_message": {
                "to_show": false,
                "message": "1 applicants",
                "type": "high_applications"
            },
            "job_title": null,
            "work_from_home": false,
            "segment": "internship_for_women",
            "segment_label_value": null,
            "internship_type_label_value": null,
            "job_segments": [
                "internship_for_women"
            ],
            "company_name": "Engineering Solutions",
            "company_url": "\/company\/engineering-solutions-1664435070",
            "is_premium": true,
            "is_premium_internship": true,
            "employer_name": "Richa",
            "company_logo": "",
            "type": "regular",
            "url": "android-app-development-internship-in-gurgaon-at-engineering-solutions1704372268",
            "is_internchallenge": 0,
            "is_external": false,
            "is_active": true,
            "expires_at": "2024-01-19",
            "closed_at": "",
            "profile_name": "Android App Development",
            "part_time": false,
            "start_date": "Starts Immediately",
            "duration": "2 Months",
            "stipend": {
                "salary": "\u20b9 20,000 \/month",
                "tooltip": null,
                "salaryValue1": 20000,
                "salaryValue2": null,
                "salaryType": "fixed",
                "currency": "INR ",
                "scale": "permonth",
                "large_stipend_text": false
            },
            "salary": null,
            "job_experience": null,
            "experience": "",
            "posted_on": "5 Jan' 24",
            "postedOnDateTime": 1704393000,
            "application_deadline": "19 Jan' 24",
            "expiring_in": "Apply by 19 Jan",
            "posted_by_label": "6 days ago",
            "posted_by_label_type": "info",
            "location_names": [
                "Gurgaon"
            ],
            "locations": [
                {
                    "string": "Gurgaon",
                    "link": "Gurgaon",
                    "country": "India",
                    "region": "Gurgaon",
                    "locationName": "Gurgaon"
                }
            ],
            "start_date_comparison_format": "2024-01-04",
            "start_date1": "2024-01-04",
            "start_date2": "2024-02-08",
            "is_ppo": false,
            "is_ppo_salary_disclosed": false,
            "ppo_salary": null,
            "ppo_salary2": null,
            "ppo_label_value": "With job offer",
            "to_show_extra_label": false,
            "extra_label_value": "",
            "is_extra_label_black": false,
            "campaign_names": [],
            "campaign_name": "",
            "to_show_in_search": false,
            "campaign_url": "",
            "campaign_start_date_time": null,
            "campaign_launch_date_time": null,
            "campaign_early_access_start_date_time": null,
            "campaign_end_date_time": null,
            "labels": [
                {
                    "label_value": [
                        "Internship"
                    ],
                    "label_mobile": [
                        "Internship"
                    ],
                    "label_app": [
                        "Internship"
                    ],
                    "labels_app_in_card": [
                        "Internship"
                    ]
                }
            ],
            "labels_app": "Internship",
            "labels_app_in_card": [
                "Internship"
            ],
            "is_covid_wfh_selected": false,
            "to_show_card_message": false,
            "message": "",
            "is_application_capping_enabled": false,
            "application_capping_message": "",
            "override_meta_details": [],
            "eligible_for_easy_apply": false,
            "eligible_for_b2b_apply_now": false,
            "to_show_b2b_label": false,
            "is_international_job": false,
            "to_show_cover_letter": false,
            "office_days": "2 day(s) in-office in a week"
        },
        "65504": {
            "id": 65504,
            "title": "Product Management Intern",
            "employment_type": "internship",
            "application_status_message": {
                "to_show": false,
                "message": "0 applicants",
                "type": "high_applications"
            },
            "job_title": null,
            "work_from_home": false,
            "segment": "internship_for_women",
            "segment_label_value": null,
            "internship_type_label_value": null,
            "job_segments": [
                "internship_for_women"
            ],
            "company_name": "Engineering Solutions",
            "company_url": "\/company\/engineering-solutions-1664435070",
            "is_premium": true,
            "is_premium_internship": true,
            "employer_name": "Richa",
            "company_logo": "",
            "type": "regular",
            "url": "product-management-internship-in-gurgaon-at-engineering-solutions1704442345",
            "is_internchallenge": 0,
            "is_external": false,
            "is_active": true,
            "expires_at": "2024-01-19",
            "closed_at": "",
            "profile_name": "Product Management",
            "part_time": false,
            "start_date": "Starts Immediately",
            "duration": "3 Months",
            "stipend": {
                "salary": "\u20b9 10,000 \/month",
                "tooltip": null,
                "salaryValue1": 10000,
                "salaryValue2": null,
                "salaryType": "fixed",
                "currency": "INR ",
                "scale": "permonth",
                "large_stipend_text": false
            },
            "salary": null,
            "job_experience": null,
            "experience": "",
            "posted_on": "5 Jan' 24",
            "postedOnDateTime": 1704393000,
            "application_deadline": "19 Jan' 24",
            "expiring_in": "Apply by 19 Jan",
            "posted_by_label": "6 days ago",
            "posted_by_label_type": "info",
            "location_names": [
                "Gurgaon"
            ],
            "locations": [
                {
                    "string": "Gurgaon",
                    "link": "Gurgaon",
                    "country": "India",
                    "region": "Gurgaon",
                    "locationName": "Gurgaon"
                }
            ],
            "start_date_comparison_format": "2024-01-05",
            "start_date1": "2024-01-05",
            "start_date2": "2024-02-09",
            "is_ppo": false,
            "is_ppo_salary_disclosed": false,
            "ppo_salary": null,
            "ppo_salary2": null,
            "ppo_label_value": "With job offer",
            "to_show_extra_label": false,
            "extra_label_value": "",
            "is_extra_label_black": false,
            "campaign_names": [],
            "campaign_name": "",
            "to_show_in_search": false,
            "campaign_url": "",
            "campaign_start_date_time": null,
            "campaign_launch_date_time": null,
            "campaign_early_access_start_date_time": null,
            "campaign_end_date_time": null,
            "labels": [
                {
                    "label_value": [
                        "Internship"
                    ],
                    "label_mobile": [
                        "Internship"
                    ],
                    "label_app": [
                        "Internship"
                    ],
                    "labels_app_in_card": [
                        "Internship"
                    ]
                }
            ],
            "labels_app": "Internship",
            "labels_app_in_card": [
                "Internship"
            ],
            "is_covid_wfh_selected": false,
            "to_show_card_message": false,
            "message": "",
            "is_application_capping_enabled": false,
            "application_capping_message": "",
            "override_meta_details": [],
            "eligible_for_easy_apply": false,
            "eligible_for_b2b_apply_now": false,
            "to_show_b2b_label": false,
            "is_international_job": false,
            "to_show_cover_letter": true,
            "office_days": "2 day(s) in-office in a week"
        }
    },
    "internship_ids": [
        65532,
        65531,
        65381,
        65524,
        65522,
        65517,
        65515,
        65454,
        65501,
        65504
    ]
}