[{
    "id": 1,
    "first_name": "Stuart",
    "last_name": "Dron",
    "email": "sdron0@ucoz.com",
    "gender": "Male",
    "ip_address": "159.36.74.26"
  }, {
    "id": 2,
    "first_name": "Bernadine",
    "last_name": "Echlin",
    "email": "bechlin1@google.com.au",
    "gender": "Agender",
    "ip_address": "14.44.150.13"
  }, {
    "id": 3,
    "first_name": "Darrel",
    "last_name": "Nutbean",
    "email": "dnutbean2@goo.ne.jp",
    "gender": "Male",
    "ip_address": "32.3.31.177"
  }, {
    "id": 4,
    "first_name": "Starr",
    "last_name": "Rozenzweig",
    "email": "srozenzweig3@seesaa.net",
    "gender": "Female",
    "ip_address": "187.96.241.192"
  }, {
    "id": 5,
    "first_name": "Hettie",
    "last_name": "Storch",
    "email": "hstorch4@netscape.com",
    "gender": "Female",
    "ip_address": "175.127.94.15"
  }, {
    "id": 6,
    "first_name": "Tiffani",
    "last_name": "Wrought",
    "email": "twrought5@forbes.com",
    "gender": "Female",
    "ip_address": "216.149.17.30"
  }, {
    "id": 7,
    "first_name": "Joletta",
    "last_name": "McGinty",
    "email": "jmcginty6@unicef.org",
    "gender": "Female",
    "ip_address": "244.96.186.95"
  }, {
    "id": 8,
    "first_name": "Damon",
    "last_name": "Scotford",
    "email": "dscotford7@ucla.edu",
    "gender": "Male",
    "ip_address": "224.31.37.129"
  }, {
    "id": 9,
    "first_name": "Vernen",
    "last_name": "Dorian",
    "email": "vdorian8@xrea.com",
    "gender": "Male",
    "ip_address": "143.236.179.239"
  }, {
    "id": 10,
    "first_name": "Lorianne",
    "last_name": "Paxton",
    "email": "lpaxton9@ustream.tv",
    "gender": "Female",
    "ip_address": "63.196.242.90"
  }]